event_region_id,region,region_label,year,start_date,end_date,duration_days,deaths,total_affected,precip_mm,severity_score,severity_tier,split,event_inventory_source,era5_summary_status,era5_window_mean_hourly_precip_mm,era5_window_max_t2m_c
east_africa_nile_headwaters__DFO_1772,east_africa_nile_headwaters,East Africa: Nile headwaters / Sudan-Ethiopia corridor,2001,2001-08-06,2001-09-13,39,,,,0.0,low,train,GLOBAL_FLOOD_DB/MODIS_EVENTS/V1,no local ERA5 files for event window,,
east_africa_nile_headwaters__DFO_1820,east_africa_nile_headwaters,East Africa: Nile headwaters / Sudan-Ethiopia corridor,2001,2001-11-01,2001-11-14,14,,,,0.0,low,train,GLOBAL_FLOOD_DB/MODIS_EVENTS/V1,no local ERA5 files for event window,,
east_africa_nile_headwaters__DFO_1907,east_africa_nile_headwaters,East Africa: Nile headwaters / Sudan-Ethiopia corridor,2002,2002-04-16,2002-04-21,6,,,,0.0,low,train,GLOBAL_FLOOD_DB/MODIS_EVENTS/V1,no local ERA5 files for event window,,
east_africa_nile_headwaters__DFO_1917,east_africa_nile_headwaters,East Africa: Nile headwaters / Sudan-Ethiopia corridor,2002,2002-04-26,2002-05-28,33,,,,0.0,low,train,GLOBAL_FLOOD_DB/MODIS_EVENTS/V1,no local ERA5 files for event window,,
east_africa_nile_headwaters__DFO_2161,east_africa_nile_headwaters,East Africa: Nile headwaters / Sudan-Ethiopia corridor,2003,2003-01-15,2003-07-01,168,,,,0.0,low,train,GLOBAL_FLOOD_DB/MODIS_EVENTS/V1,no local ERA5 files for event window,,
east_africa_nile_headwaters__DFO_2224,east_africa_nile_headwaters,East Africa: Nile headwaters / Sudan-Ethiopia corridor,2003,2003-05-04,2003-05-20,17,,,,0.0,low,train,GLOBAL_FLOOD_DB/MODIS_EVENTS/V1,no local ERA5 files for event window,,
east_africa_nile_headwaters__DFO_2430,east_africa_nile_headwaters,East Africa: Nile headwaters / Sudan-Ethiopia corridor,2004,2004-02-01,2004-06-02,123,,,,0.0,low,train,GLOBAL_FLOOD_DB/MODIS_EVENTS/V1,no local ERA5 files for event window,,
east_africa_nile_headwaters__DFO_2638,east_africa_nile_headwaters,East Africa: Nile headwaters / Sudan-Ethiopia corridor,2005,2005-03-01,2005-04-01,32,,,,0.0,low,train,GLOBAL_FLOOD_DB/MODIS_EVENTS/V1,no local ERA5 files for event window,,
east_africa_nile_headwaters__DFO_2649,east_africa_nile_headwaters,East Africa: Nile headwaters / Sudan-Ethiopia corridor,2005,2005-04-23,2005-06-14,53,,,,0.0,low,train,GLOBAL_FLOOD_DB/MODIS_EVENTS/V1,no local ERA5 files for event window,,
east_africa_nile_headwaters__DFO_2952,east_africa_nile_headwaters,East Africa: Nile headwaters / Sudan-Ethiopia corridor,2006,2006-08-12,2006-08-21,10,,,,0.0,low,train,GLOBAL_FLOOD_DB/MODIS_EVENTS/V1,no local ERA5 files for event window,,
east_africa_nile_headwaters__DFO_3078,east_africa_nile_headwaters,East Africa: Nile headwaters / Sudan-Ethiopia corridor,2007,2007-05-15,2007-06-14,31,,,,0.0,low,train,GLOBAL_FLOOD_DB/MODIS_EVENTS/V1,no local ERA5 files for event window,,
east_africa_nile_headwaters__DFO_3123,east_africa_nile_headwaters,East Africa: Nile headwaters / Sudan-Ethiopia corridor,2007,2007-07-03,2007-10-08,98,,,,0.0,low,train,GLOBAL_FLOOD_DB/MODIS_EVENTS/V1,no local ERA5 files for event window,,
east_africa_nile_headwaters__DFO_3146,east_africa_nile_headwaters,East Africa: Nile headwaters / Sudan-Ethiopia corridor,2007,2007-07-29,2007-10-05,69,,,,0.0,low,train,GLOBAL_FLOOD_DB/MODIS_EVENTS/V1,no local ERA5 files for event window,,
east_africa_nile_headwaters__DFO_3170,east_africa_nile_headwaters,East Africa: Nile headwaters / Sudan-Ethiopia corridor,2007,2007-08-15,2007-10-31,78,,,,0.0,low,train,GLOBAL_FLOOD_DB/MODIS_EVENTS/V1,no local ERA5 files for event window,,
east_africa_nile_headwaters__DFO_3235,east_africa_nile_headwaters,East Africa: Nile headwaters / Sudan-Ethiopia corridor,2007,2007-11-21,2007-12-16,26,,,,0.0,low,train,GLOBAL_FLOOD_DB/MODIS_EVENTS/V1,no local ERA5 files for event window,,
east_africa_nile_headwaters__DFO_3272,east_africa_nile_headwaters,East Africa: Nile headwaters / Sudan-Ethiopia corridor,2008,2008-02-09,2008-05-01,83,,,,0.0,low,train,GLOBAL_FLOOD_DB/MODIS_EVENTS/V1,no local ERA5 files for event window,,
east_africa_nile_headwaters__DFO_3287,east_africa_nile_headwaters,East Africa: Nile headwaters / Sudan-Ethiopia corridor,2008,2008-03-20,2008-04-02,14,,,,0.0,low,train,GLOBAL_FLOOD_DB/MODIS_EVENTS/V1,no local ERA5 files for event window,,
east_africa_nile_headwaters__DFO_3367,east_africa_nile_headwaters,East Africa: Nile headwaters / Sudan-Ethiopia corridor,2008,2008-08-20,2008-08-28,9,,,,0.0,low,train,GLOBAL_FLOOD_DB/MODIS_EVENTS/V1,no local ERA5 files for event window,,
east_africa_nile_headwaters__DFO_3394,east_africa_nile_headwaters,East Africa: Nile headwaters / Sudan-Ethiopia corridor,2008,2008-10-14,2008-10-16,3,,,,0.0,low,train,GLOBAL_FLOOD_DB/MODIS_EVENTS/V1,no local ERA5 files for event window,,
east_africa_nile_headwaters__DFO_3404,east_africa_nile_headwaters,East Africa: Nile headwaters / Sudan-Ethiopia corridor,2008,2008-11-16,2008-11-20,5,,,,0.0,low,train,GLOBAL_FLOOD_DB/MODIS_EVENTS/V1,no local ERA5 files for event window,,
east_africa_nile_headwaters__DFO_3714,east_africa_nile_headwaters,East Africa: Nile headwaters / Sudan-Ethiopia corridor,2010,2010-08-15,2010-09-17,34,,,232.6728057861328,2.3267280578613283,moderate,train,GLOBAL_FLOOD_DB/MODIS_EVENTS/V1,ok,0.2019729167222976,29.45123291015625
east_africa_nile_headwaters__DFO_3863,east_africa_nile_headwaters,East Africa: Nile headwaters / Sudan-Ethiopia corridor,2011,2011-08-20,2011-09-08,20,,,,0.0,low,train,GLOBAL_FLOOD_DB/MODIS_EVENTS/V1,no local ERA5 files for event window,,
east_africa_nile_headwaters__DFO_3874,east_africa_nile_headwaters,East Africa: Nile headwaters / Sudan-Ethiopia corridor,2011,2011-11-09,2011-11-15,7,,,,0.0,low,train,GLOBAL_FLOOD_DB/MODIS_EVENTS/V1,no local ERA5 files for event window,,
east_africa_nile_headwaters__DFO_3875,east_africa_nile_headwaters,East Africa: Nile headwaters / Sudan-Ethiopia corridor,2011,2011-11-09,2011-12-20,42,,,,0.0,low,train,GLOBAL_FLOOD_DB/MODIS_EVENTS/V1,no local ERA5 files for event window,,
east_africa_nile_headwaters__DFO_3881,east_africa_nile_headwaters,East Africa: Nile headwaters / Sudan-Ethiopia corridor,2011,2011-11-29,2011-12-22,24,,,,0.0,low,train,GLOBAL_FLOOD_DB/MODIS_EVENTS/V1,no local ERA5 files for event window,,
east_africa_nile_headwaters__DFO_3886,east_africa_nile_headwaters,East Africa: Nile headwaters / Sudan-Ethiopia corridor,2011,2011-12-20,2011-12-22,3,,,,0.0,low,train,GLOBAL_FLOOD_DB/MODIS_EVENTS/V1,no local ERA5 files for event window,,
east_africa_nile_headwaters__DFO_3917,east_africa_nile_headwaters,East Africa: Nile headwaters / Sudan-Ethiopia corridor,2012,2012-04-09,2012-04-26,18,,,,0.0,low,train,GLOBAL_FLOOD_DB/MODIS_EVENTS/V1,no local ERA5 files for event window,,
east_africa_nile_headwaters__DFO_3981,east_africa_nile_headwaters,East Africa: Nile headwaters / Sudan-Ethiopia corridor,2012,2012-08-15,2012-09-07,24,,,,0.0,low,train,GLOBAL_FLOOD_DB/MODIS_EVENTS/V1,no local ERA5 files for event window,,
east_africa_nile_headwaters__DFO_3980,east_africa_nile_headwaters,East Africa: Nile headwaters / Sudan-Ethiopia corridor,2012,2012-08-20,2012-09-07,19,,,,0.0,low,train,GLOBAL_FLOOD_DB/MODIS_EVENTS/V1,no local ERA5 files for event window,,
east_africa_nile_headwaters__DFO_3991,east_africa_nile_headwaters,East Africa: Nile headwaters / Sudan-Ethiopia corridor,2012,2012-09-07,2012-10-03,27,,,,0.0,low,train,GLOBAL_FLOOD_DB/MODIS_EVENTS/V1,no local ERA5 files for event window,,
east_africa_nile_headwaters__DFO_3992,east_africa_nile_headwaters,East Africa: Nile headwaters / Sudan-Ethiopia corridor,2012,2012-09-22,2012-10-03,12,,,,0.0,low,train,GLOBAL_FLOOD_DB/MODIS_EVENTS/V1,no local ERA5 files for event window,,
east_africa_nile_headwaters__DFO_4022,east_africa_nile_headwaters,East Africa: Nile headwaters / Sudan-Ethiopia corridor,2013,2013-01-13,2013-01-17,5,,,20.217060089111328,0.20217060089111327,low,train,GLOBAL_FLOOD_DB/MODIS_EVENTS/V1,ok,0.0443356595933437,33.6053466796875
east_africa_nile_headwaters__DFO_4055,east_africa_nile_headwaters,East Africa: Nile headwaters / Sudan-Ethiopia corridor,2013,2013-05-01,2013-05-16,16,,,101.20343780517578,1.0120343780517578,low,train,GLOBAL_FLOOD_DB/MODIS_EVENTS/V1,ok,0.1405603289604187,32.552337646484375
east_africa_nile_headwaters__DFO_4094,east_africa_nile_headwaters,East Africa: Nile headwaters / Sudan-Ethiopia corridor,2013,2013-10-08,2013-10-14,7,,,75.01950073242188,0.7501950073242187,low,train,GLOBAL_FLOOD_DB/MODIS_EVENTS/V1,ok,0.148848220705986,30.979888916015625
east_africa_nile_headwaters__DFO_4137,east_africa_nile_headwaters,East Africa: Nile headwaters / Sudan-Ethiopia corridor,2014,2014-04-18,2014-05-01,14,,,,0.0,low,train,GLOBAL_FLOOD_DB/MODIS_EVENTS/V1,no local ERA5 files for event window,,
east_africa_nile_headwaters__DFO_4140,east_africa_nile_headwaters,East Africa: Nile headwaters / Sudan-Ethiopia corridor,2014,2014-05-10,2014-05-16,7,,,,0.0,low,train,GLOBAL_FLOOD_DB/MODIS_EVENTS/V1,no local ERA5 files for event window,,
east_africa_nile_headwaters__DFO_4186,east_africa_nile_headwaters,East Africa: Nile headwaters / Sudan-Ethiopia corridor,2014,2014-09-21,2014-10-11,21,,,,0.0,low,train,GLOBAL_FLOOD_DB/MODIS_EVENTS/V1,no local ERA5 files for event window,,
east_africa_nile_headwaters__DFO_4201,east_africa_nile_headwaters,East Africa: Nile headwaters / Sudan-Ethiopia corridor,2014,2014-10-24,2014-11-16,24,,,,0.0,low,train,GLOBAL_FLOOD_DB/MODIS_EVENTS/V1,no local ERA5 files for event window,,
east_africa_nile_headwaters__DFO_4305,east_africa_nile_headwaters,East Africa: Nile headwaters / Sudan-Ethiopia corridor,2015,2015-10-24,2015-10-28,5,,,98.24163055419922,0.9824163055419922,low,train,GLOBAL_FLOOD_DB/MODIS_EVENTS/V1,ok,0.2154421657323837,30.55010986328125
east_africa_nile_headwaters__DFO_4317,east_africa_nile_headwaters,East Africa: Nile headwaters / Sudan-Ethiopia corridor,2015,2015-12-01,2016-01-06,37,,,88.70148468017578,0.8870148468017578,low,train,GLOBAL_FLOOD_DB/MODIS_EVENTS/V1,ok,0.0972604006528854,31.276611328125
east_africa_nile_headwaters__DFO_4324,east_africa_nile_headwaters,East Africa: Nile headwaters / Sudan-Ethiopia corridor,2016,2016-01-14,2016-01-29,16,,,,0.0,low,train,GLOBAL_FLOOD_DB/MODIS_EVENTS/V1,no local ERA5 files for event window,,
east_africa_nile_headwaters__DFO_4357,east_africa_nile_headwaters,East Africa: Nile headwaters / Sudan-Ethiopia corridor,2016,2016-04-22,2016-05-30,39,,,,0.0,low,train,GLOBAL_FLOOD_DB/MODIS_EVENTS/V1,no local ERA5 files for event window,,
east_africa_nile_headwaters__DFO_4369,east_africa_nile_headwaters,East Africa: Nile headwaters / Sudan-Ethiopia corridor,2016,2016-06-30,2016-07-06,7,,,,0.0,low,train,GLOBAL_FLOOD_DB/MODIS_EVENTS/V1,no local ERA5 files for event window,,
east_africa_nile_headwaters__DFO_4472,east_africa_nile_headwaters,East Africa: Nile headwaters / Sudan-Ethiopia corridor,2017,2017-05-08,2017-05-15,8,,,,0.0,low,train,GLOBAL_FLOOD_DB/MODIS_EVENTS/V1,no local ERA5 files for event window,,
east_africa_nile_headwaters__DFO_4603,east_africa_nile_headwaters,East Africa: Nile headwaters / Sudan-Ethiopia corridor,2018,2018-04-23,2018-04-25,3,,,80.90074157714844,0.8090074157714844,low,val,GLOBAL_FLOOD_DB/MODIS_EVENTS/V1,ok,0.1982861310243606,31.9913330078125
east_africa_nile_headwaters__DFO_4602,east_africa_nile_headwaters,East Africa: Nile headwaters / Sudan-Ethiopia corridor,2018,2018-04-28,2018-05-01,4,,,81.20033264160156,0.8120033264160157,low,val,GLOBAL_FLOOD_DB/MODIS_EVENTS/V1,ok,0.1879637390375137,33.072784423828125
east_africa_nile_headwaters__EMDAT_2020-0037-TZA,east_africa_nile_headwaters,East Africa: Nile headwaters / Sudan-Ethiopia corridor,2020,2020-01-27,2020-02-03,8,29.0,28258.0,49.46251678466797,57.75262516784667,moderate,test,EM-DAT Public Table,ok,0.0936790108680725,31.997772216796875
east_africa_nile_headwaters__EMDAT_2020-0098-RWA,east_africa_nile_headwaters,East Africa: Nile headwaters / Sudan-Ethiopia corridor,2020,2020-03-02,2020-03-10,9,3.0,5242.0,55.659759521484375,8.798597595214845,moderate,test,EM-DAT Public Table,ok,0.1008328944444656,34.3682861328125
east_africa_nile_headwaters__EMDAT_2020-0194-TZA,east_africa_nile_headwaters,East Africa: Nile headwaters / Sudan-Ethiopia corridor,2020,2020-03-10,2020-03-17,8,,17500.0,60.793724060058594,18.107937240600585,moderate,test,EM-DAT Public Table,ok,0.1151396259665489,34.3682861328125
east_africa_nile_headwaters__EMDAT_2020-0164-UGA,east_africa_nile_headwaters,East Africa: Nile headwaters / Sudan-Ethiopia corridor,2020,2020-04-17,2020-05-05,19,5.0,200.0,153.57626342773438,6.735762634277344,moderate,test,EM-DAT Public Table,ok,0.1939094215631485,32.956268310546875
east_africa_nile_headwaters__EMDAT_2020-0164-KEN,east_africa_nile_headwaters,East Africa: Nile headwaters / Sudan-Ethiopia corridor,2020,2020-04-18,2020-06-01,45,285.0,810655.0,220.31222534179688,1097.8581222534178,extreme,test,EM-DAT Public Table,ok,0.1555877327919006,33.3038330078125
east_africa_nile_headwaters__EMDAT_2020-0159-ETH,east_africa_nile_headwaters,East Africa: Nile headwaters / Sudan-Ethiopia corridor,2020,2020-04-20,2020-05-08,19,12.0,219000.0,152.73086547851562,232.52730865478514,moderate,test,EM-DAT Public Table,ok,0.1928420066833496,33.3038330078125
east_africa_nile_headwaters__EMDAT_2020-0166-TZA,east_africa_nile_headwaters,East Africa: Nile headwaters / Sudan-Ethiopia corridor,2020,2020-04-22,2020-04-26,5,2.0,19323.0,99.35037231445312,22.316503723144532,moderate,test,EM-DAT Public Table,ok,0.2178736180067062,32.65460205078125
east_africa_nile_headwaters__EMDAT_2020-0182-UGA,east_africa_nile_headwaters,East Africa: Nile headwaters / Sudan-Ethiopia corridor,2020,2020-05-08,2020-05-08,1,3.0,100000.0,56.187347412109375,103.5618734741211,moderate,test,EM-DAT Public Table,ok,0.156075969338417,33.3038330078125
east_africa_nile_headwaters__EMDAT_2020-0213-UGA,east_africa_nile_headwaters,East Africa: Nile headwaters / Sudan-Ethiopia corridor,2020,2020-05-21,2020-05-25,5,11.0,25000.0,48.10926818847656,36.48109268188477,moderate,test,EM-DAT Public Table,ok,0.1055027842521667,32.745697021484375
east_africa_nile_headwaters__EMDAT_2020-0305-SDN,east_africa_nile_headwaters,East Africa: Nile headwaters / Sudan-Ethiopia corridor,2020,2020-06-01,2020-09-09,101,155.0,875013.0,492.913330078125,1034.9421333007813,extreme,test,EM-DAT Public Table,ok,0.178591787815094,32.17523193359375
east_africa_nile_headwaters__EMDAT_2020-0564-ETH,east_africa_nile_headwaters,East Africa: Nile headwaters / Sudan-Ethiopia corridor,2020,2020-06-01,2020-09-30,122,,1010854.0,575.2199096679688,1016.6061990966797,extreme,test,EM-DAT Public Table,ok,0.1762315928936004,32.17523193359375
east_africa_nile_headwaters__EMDAT_2020-0362-SSD,east_africa_nile_headwaters,East Africa: Nile headwaters / Sudan-Ethiopia corridor,2020,2020-07-01,2020-12-31,184,,1042000.0,703.1748657226562,1049.0317486572267,extreme,test,EM-DAT Public Table,ok,0.1479745060205459,31.840057373046875
east_africa_nile_headwaters__EMDAT_2020-0385-UGA,east_africa_nile_headwaters,East Africa: Nile headwaters / Sudan-Ethiopia corridor,2020,2020-08-19,2020-08-19,1,1.0,4000.0,76.70828247070312,5.767082824707031,moderate,test,EM-DAT Public Table,ok,0.2130785584449768,28.856597900390625
east_africa_nile_headwaters__EMDAT_2020-0458-TZA,east_africa_nile_headwaters,East Africa: Nile headwaters / Sudan-Ethiopia corridor,2020,2020-10-13,2020-10-15,3,12.0,,63.28683090209961,12.632868309020996,moderate,test,EM-DAT Public Table,ok,0.1551147848367691,30.6419677734375
east_africa_nile_headwaters__EMDAT_2020-0522-UGA,east_africa_nile_headwaters,East Africa: Nile headwaters / Sudan-Ethiopia corridor,2020,2020-11-21,2020-11-24,4,7.0,2300.0,43.40948486328125,9.734094848632813,moderate,test,EM-DAT Public Table,ok,0.1004849150776863,31.003631591796875
east_africa_nile_headwaters__EMDAT_2021-0010-TZA,east_africa_nile_headwaters,East Africa: Nile headwaters / Sudan-Ethiopia corridor,2021,2021-01-12,2021-01-15,4,1.0,2000.0,20.83181381225586,3.2083181381225585,moderate,test,EM-DAT Public Table,ok,0.048221793025732,31.564971923828125
east_africa_nile_headwaters__EMDAT_2021-0227-KEN,east_africa_nile_headwaters,East Africa: Nile headwaters / Sudan-Ethiopia corridor,2021,2021-04-07,2021-05-30,54,9.0,300000.0,212.2834625244141,311.12283462524414,moderate,test,EM-DAT Public Table,ok,0.1300756484270095,33.350311279296875
east_africa_nile_headwaters__EMDAT_2021-0343-ETH,east_africa_nile_headwaters,East Africa: Nile headwaters / Sudan-Ethiopia corridor,2021,2021-05-01,2021-05-31,31,16.0,,155.94052124023438,17.559405212402343,moderate,test,EM-DAT Public Table,ok,0.1443893760442733,33.348358154296875
east_africa_nile_headwaters__EMDAT_2021-0481-SSD,east_africa_nile_headwaters,East Africa: Nile headwaters / Sudan-Ethiopia corridor,2021,2021-05-01,2021-10-07,160,7.0,835000.0,612.0021362304688,848.1200213623047,extreme,test,EM-DAT Public Table,ok,0.1465522348880767,33.348358154296875
east_africa_nile_headwaters__EMDAT_2021-0240-UGA,east_africa_nile_headwaters,East Africa: Nile headwaters / Sudan-Ethiopia corridor,2021,2021-05-06,2021-05-10,5,1.0,75000.0,102.98307800292967,77.0298307800293,moderate,test,EM-DAT Public Table,ok,0.225840076804161,31.6431884765625
east_africa_nile_headwaters__EMDAT_2021-0286-UGA,east_africa_nile_headwaters,East Africa: Nile headwaters / Sudan-Ethiopia corridor,2021,2021-05-23,2021-05-23,1,3.0,134.0,21.847511291503903,3.3524751129150387,moderate,test,EM-DAT Public Table,ok,0.060687530785799,32.62835693359375
east_africa_nile_headwaters__EMDAT_2021-0473-SDN,east_africa_nile_headwaters,East Africa: Nile headwaters / Sudan-Ethiopia corridor,2021,2021-07-20,2021-09-24,67,52.0,303045.0,326.7052917480469,358.31205291748046,moderate,test,EM-DAT Public Table,ok,0.1680582761764526,31.267730712890625
east_africa_nile_headwaters__EMDAT_2021-0637-UGA,east_africa_nile_headwaters,East Africa: Nile headwaters / Sudan-Ethiopia corridor,2021,2021-09-17,2021-09-22,6,1.0,42330.0,80.32499694824219,44.13324996948242,moderate,test,EM-DAT Public Table,ok,0.1673437505960464,30.75912475585937
east_africa_nile_headwaters__EMDAT_2022-0053-UGA,east_africa_nile_headwaters,East Africa: Nile headwaters / Sudan-Ethiopia corridor,2022,2022-01-24,2022-01-27,4,9.0,1500.0,24.150562286376957,10.74150562286377,moderate,test,EM-DAT Public Table,ok,0.0559040792286396,31.76718139648437
east_africa_nile_headwaters__EMDAT_2022-0258-TZA,east_africa_nile_headwaters,East Africa: Nile headwaters / Sudan-Ethiopia corridor,2022,2022-04-26,2022-05-05,10,10.0,3500.0,88.13172912597656,14.381317291259766,moderate,test,EM-DAT Public Table,ok,0.1530064791440963,33.717529296875
east_africa_nile_headwaters__EMDAT_2022-0445-SDN,east_africa_nile_headwaters,East Africa: Nile headwaters / Sudan-Ethiopia corridor,2022,2022-05-10,2022-09-30,144,146.0,349122.0,527.8277587890625,500.4002775878906,extreme,test,EM-DAT Public Table,ok,0.1391950845718383,33.717529296875
east_africa_nile_headwaters__EMDAT_2022-0481-UGA,east_africa_nile_headwaters,East Africa: Nile headwaters / Sudan-Ethiopia corridor,2022,2022-07-30,2022-08-05,7,32.0,78338.0,105.771240234375,111.39571240234376,moderate,test,EM-DAT Public Table,ok,0.2098635733127594,29.39706420898437
east_africa_nile_headwaters__EMDAT_2022-0650-SSD,east_africa_nile_headwaters,East Africa: Nile headwaters / Sudan-Ethiopia corridor,2022,2022-08-01,2022-10-29,90,,1000000.0,399.7760009765625,1003.9977600097657,extreme,test,EM-DAT Public Table,ok,0.1601666659116745,31.45590209960937
east_africa_nile_headwaters__EMDAT_2022-0716-ETH,east_africa_nile_headwaters,East Africa: Nile headwaters / Sudan-Ethiopia corridor,2022,2022-08-01,2022-10-31,92,,264831.0,403.5921630859375,268.8669216308594,moderate,test,EM-DAT Public Table,ok,0.1586447209119796,31.45590209960937
east_africa_nile_headwaters__EMDAT_2022-0857-UGA,east_africa_nile_headwaters,East Africa: Nile headwaters / Sudan-Ethiopia corridor,2022,2022-12-20,2022-12-26,7,16.0,130.0,32.4671630859375,16.454671630859373,moderate,test,EM-DAT Public Table,ok,0.0644189715385437,30.85165405273437
east_africa_nile_headwaters__EMDAT_2023-0187-ETH,east_africa_nile_headwaters,East Africa: Nile headwaters / Sudan-Ethiopia corridor,2023,2023-03-25,2023-05-12,49,91.0,240000.0,219.70657348632807,333.19706573486326,moderate,test,EM-DAT Public Table,ok,0.1453085839748382,34.055145263671875
east_africa_nile_headwaters__EMDAT_2023-0187-KEN,east_africa_nile_headwaters,East Africa: Nile headwaters / Sudan-Ethiopia corridor,2023,2023-03-25,2023-03-30,6,36.0,139164.0,74.64633178710938,175.91046331787112,moderate,test,EM-DAT Public Table,ok,0.155513197183609,32.331817626953125
east_africa_nile_headwaters__EMDAT_2023-0236-TZA,east_africa_nile_headwaters,East Africa: Nile headwaters / Sudan-Ethiopia corridor,2023,2023-04-01,2023-04-02,2,,1976.0,51.96343231201172,2.4956343231201172,moderate,test,EM-DAT Public Table,ok,0.1353214383125305,33.218231201171875
east_africa_nile_headwaters__EMDAT_2023-0226-TZA,east_africa_nile_headwaters,East Africa: Nile headwaters / Sudan-Ethiopia corridor,2023,2023-04-12,2023-04-17,6,13.0,24.0,53.2575569152832,13.55657556915283,moderate,test,EM-DAT Public Table,ok,0.1109532415866851,34.055145263671875
east_africa_nile_headwaters__EMDAT_2023-0262-UGA,east_africa_nile_headwaters,East Africa: Nile headwaters / Sudan-Ethiopia corridor,2023,2023-04-24,2023-05-18,25,23.0,1016.0,136.27066040039062,25.378706604003906,moderate,test,EM-DAT Public Table,ok,0.1455883085727691,33.646026611328125
east_africa_nile_headwaters__EMDAT_2023-0259-KEN,east_africa_nile_headwaters,East Africa: Nile headwaters / Sudan-Ethiopia corridor,2023,2023-04-25,2023-04-27,3,,22500.0,95.54100036621094,23.45541000366211,moderate,test,EM-DAT Public Table,ok,0.2341691255569458,33.4739990234375
east_africa_nile_headwaters__EMDAT_2023-0728-ETH,east_africa_nile_headwaters,East Africa: Nile headwaters / Sudan-Ethiopia corridor,2023,2023-10-01,2023-11-30,61,60.0,1500000.0,278.9481811523437,1562.7894818115235,extreme,test,EM-DAT Public Table,ok,0.1549712121486663,33.067291259765625
east_africa_nile_headwaters__EMDAT_2023-0721-KEN,east_africa_nile_headwaters,East Africa: Nile headwaters / Sudan-Ethiopia corridor,2023,2023-10-15,2024-12-31,444,178.0,695497.0,1316.8963623046875,886.665963623047,extreme,test,EM-DAT Public Table,ok,0.1216644793748855,35.581573486328125
east_africa_nile_headwaters__EMDAT_2023-0807-TZA,east_africa_nile_headwaters,East Africa: Nile headwaters / Sudan-Ethiopia corridor,2023,2023-10-15,2023-11-23,40,38.0,2896500.0,234.4439392089844,2936.84443939209,extreme,test,EM-DAT Public Table,ok,0.1808981001377105,32.9437255859375
east_africa_nile_headwaters__EMDAT_2023-0809-BDI,east_africa_nile_headwaters,East Africa: Nile headwaters / Sudan-Ethiopia corridor,2023,2023-10-26,2023-12-27,63,7.0,9346.0,256.13006591796875,18.907300659179686,moderate,test,EM-DAT Public Table,ok,0.1385985165834427,31.7935791015625
east_africa_nile_headwaters__EMDAT_2024-0150-KEN,east_africa_nile_headwaters,East Africa: Nile headwaters / Sudan-Ethiopia corridor,2024,2024-03-24,2024-05-03,41,353.0,306708.0,191.11753845214844,661.6191753845216,extreme,test,EM-DAT Public Table,ok,0.1447860151529312,35.259979248046875
east_africa_nile_headwaters__EMDAT_2024-0231-UGA,east_africa_nile_headwaters,East Africa: Nile headwaters / Sudan-Ethiopia corridor,2024,2024-04-01,2024-05-31,61,77.0,57804.0,231.9478759765625,137.12347875976562,moderate,test,EM-DAT Public Table,ok,0.1288599371910095,34.508941650390625
east_africa_nile_headwaters__EMDAT_2024-0341-ETH,east_africa_nile_headwaters,East Africa: Nile headwaters / Sudan-Ethiopia corridor,2024,2024-04-01,2024-05-24,54,5.0,181548.0,220.69866943359372,188.75498669433594,moderate,test,EM-DAT Public Table,ok,0.1352320313453674,34.508941650390625
east_africa_nile_headwaters__EMDAT_2024-0203-TZA,east_africa_nile_headwaters,East Africa: Nile headwaters / Sudan-Ethiopia corridor,2024,2024-04-02,2024-05-02,31,155.0,200236.0,174.92144775390625,356.98521447753905,moderate,test,EM-DAT Public Table,ok,0.1619642972946167,34.04351806640625
east_africa_nile_headwaters__EMDAT_2024-0210-KEN,east_africa_nile_headwaters,East Africa: Nile headwaters / Sudan-Ethiopia corridor,2024,2024-04-11,2024-04-12,2,13.0,15002.0,54.47229766845703,28.546722976684574,moderate,test,EM-DAT Public Table,ok,0.1418549418449401,34.04351806640625
east_africa_nile_headwaters__EMDAT_2024-0247-KEN,east_africa_nile_headwaters,East Africa: Nile headwaters / Sudan-Ethiopia corridor,2024,2024-04-23,2024-04-24,2,10.0,,61.81208419799805,10.61812084197998,moderate,test,EM-DAT Public Table,ok,0.1609689742326736,34.04351806640625
east_africa_nile_headwaters__EMDAT_2024-0544-SDN,east_africa_nile_headwaters,East Africa: Nile headwaters / Sudan-Ethiopia corridor,2024,2024-06-01,2024-08-27,88,132.0,317107.0,386.3333740234375,452.9703337402344,extreme,test,EM-DAT Public Table,ok,0.1578159183263778,33.4195556640625
east_africa_nile_headwaters__EMDAT_2024-0673-SSD,east_africa_nile_headwaters,East Africa: Nile headwaters / Sudan-Ethiopia corridor,2024,2024-08-01,2024-10-31,92,,1400000.0,450.9681396484375,1404.5096813964844,extreme,test,EM-DAT Public Table,ok,0.1772673577070236,31.1112060546875
east_africa_nile_headwaters__EMDAT_2024-0879-TZA,east_africa_nile_headwaters,East Africa: Nile headwaters / Sudan-Ethiopia corridor,2024,2024-11-25,2024-11-27,3,9.0,140.0,58.0769157409668,9.720769157409668,moderate,test,EM-DAT Public Table,ok,0.1423453837633133,30.957763671875
east_africa_nile_headwaters__EMDAT_2024-0892-KEN,east_africa_nile_headwaters,East Africa: Nile headwaters / Sudan-Ethiopia corridor,2024,2024-12-01,2024-12-05,5,13.0,3970.0,44.773624420166016,17.41773624420166,moderate,test,EM-DAT Public Table,ok,0.0981877744197845,31.748687744140625
southern_africa_limpopo_zambezi__DFO_1917,southern_africa_limpopo_zambezi,Southern Africa: Limpopo / Zambezi,2002,2002-04-26,2002-05-28,33,,,,0.0,low,train,GLOBAL_FLOOD_DB/MODIS_EVENTS/V1,no local ERA5 files for event window,,
southern_africa_limpopo_zambezi__DFO_2119,southern_africa_limpopo_zambezi,Southern Africa: Limpopo / Zambezi,2003,2003-01-01,2003-02-17,48,,,,0.0,low,train,GLOBAL_FLOOD_DB/MODIS_EVENTS/V1,no local ERA5 files for event window,,
southern_africa_limpopo_zambezi__DFO_2161,southern_africa_limpopo_zambezi,Southern Africa: Limpopo / Zambezi,2003,2003-01-15,2003-07-01,168,,,,0.0,low,train,GLOBAL_FLOOD_DB/MODIS_EVENTS/V1,no local ERA5 files for event window,,
southern_africa_limpopo_zambezi__DFO_2162,southern_africa_limpopo_zambezi,Southern Africa: Limpopo / Zambezi,2003,2003-02-06,2003-02-20,15,,,,0.0,low,train,GLOBAL_FLOOD_DB/MODIS_EVENTS/V1,no local ERA5 files for event window,,
southern_africa_limpopo_zambezi__DFO_2178,southern_africa_limpopo_zambezi,Southern Africa: Limpopo / Zambezi,2003,2003-03-05,2003-03-16,12,,,,0.0,low,train,GLOBAL_FLOOD_DB/MODIS_EVENTS/V1,no local ERA5 files for event window,,
southern_africa_limpopo_zambezi__DFO_2181,southern_africa_limpopo_zambezi,Southern Africa: Limpopo / Zambezi,2003,2003-03-11,2003-03-15,5,,,,0.0,low,train,GLOBAL_FLOOD_DB/MODIS_EVENTS/V1,no local ERA5 files for event window,,
southern_africa_limpopo_zambezi__DFO_2194,southern_africa_limpopo_zambezi,Southern Africa: Limpopo / Zambezi,2003,2003-03-26,2003-03-28,3,,,,0.0,low,train,GLOBAL_FLOOD_DB/MODIS_EVENTS/V1,no local ERA5 files for event window,,
southern_africa_limpopo_zambezi__DFO_2423,southern_africa_limpopo_zambezi,Southern Africa: Limpopo / Zambezi,2004,2004-01-25,2004-02-06,13,,,,0.0,low,train,GLOBAL_FLOOD_DB/MODIS_EVENTS/V1,no local ERA5 files for event window,,
southern_africa_limpopo_zambezi__DFO_2425,southern_africa_limpopo_zambezi,Southern Africa: Limpopo / Zambezi,2004,2004-01-27,2004-03-01,35,,,,0.0,low,train,GLOBAL_FLOOD_DB/MODIS_EVENTS/V1,no local ERA5 files for event window,,
southern_africa_limpopo_zambezi__DFO_2430,southern_africa_limpopo_zambezi,Southern Africa: Limpopo / Zambezi,2004,2004-02-01,2004-06-02,123,,,,0.0,low,train,GLOBAL_FLOOD_DB/MODIS_EVENTS/V1,no local ERA5 files for event window,,
southern_africa_limpopo_zambezi__DFO_2448,southern_africa_limpopo_zambezi,Southern Africa: Limpopo / Zambezi,2004,2004-03-05,2004-03-19,15,,,,0.0,low,train,GLOBAL_FLOOD_DB/MODIS_EVENTS/V1,no local ERA5 files for event window,,
southern_africa_limpopo_zambezi__DFO_2620,southern_africa_limpopo_zambezi,Southern Africa: Limpopo / Zambezi,2005,2005-01-27,2005-03-28,61,,,,0.0,low,train,GLOBAL_FLOOD_DB/MODIS_EVENTS/V1,no local ERA5 files for event window,,
southern_africa_limpopo_zambezi__DFO_2638,southern_africa_limpopo_zambezi,Southern Africa: Limpopo / Zambezi,2005,2005-03-01,2005-04-01,32,,,,0.0,low,train,GLOBAL_FLOOD_DB/MODIS_EVENTS/V1,no local ERA5 files for event window,,
southern_africa_limpopo_zambezi__DFO_2773,southern_africa_limpopo_zambezi,Southern Africa: Limpopo / Zambezi,2005,2005-12-22,2006-02-07,48,,,,0.0,low,train,GLOBAL_FLOOD_DB/MODIS_EVENTS/V1,no local ERA5 files for event window,,
southern_africa_limpopo_zambezi__DFO_2825,southern_africa_limpopo_zambezi,Southern Africa: Limpopo / Zambezi,2006,2006-03-26,2006-03-30,5,,,,0.0,low,train,GLOBAL_FLOOD_DB/MODIS_EVENTS/V1,no local ERA5 files for event window,,
southern_africa_limpopo_zambezi__DFO_3242,southern_africa_limpopo_zambezi,Southern Africa: Limpopo / Zambezi,2007,2007-12-11,2008-01-03,24,,,,0.0,low,train,GLOBAL_FLOOD_DB/MODIS_EVENTS/V1,no local ERA5 files for event window,,
southern_africa_limpopo_zambezi__DFO_3272,southern_africa_limpopo_zambezi,Southern Africa: Limpopo / Zambezi,2008,2008-02-09,2008-05-01,83,,,,0.0,low,train,GLOBAL_FLOOD_DB/MODIS_EVENTS/V1,no local ERA5 files for event window,,
southern_africa_limpopo_zambezi__DFO_3294,southern_africa_limpopo_zambezi,Southern Africa: Limpopo / Zambezi,2008,2008-04-11,2008-05-16,36,,,,0.0,low,train,GLOBAL_FLOOD_DB/MODIS_EVENTS/V1,no local ERA5 files for event window,,
southern_africa_limpopo_zambezi__DFO_3323,southern_africa_limpopo_zambezi,Southern Africa: Limpopo / Zambezi,2008,2008-06-19,2008-06-22,4,,,,0.0,low,train,GLOBAL_FLOOD_DB/MODIS_EVENTS/V1,no local ERA5 files for event window,,
southern_africa_limpopo_zambezi__DFO_3426,southern_africa_limpopo_zambezi,Southern Africa: Limpopo / Zambezi,2008,2008-12-26,2009-01-12,18,,,,0.0,low,train,GLOBAL_FLOOD_DB/MODIS_EVENTS/V1,no local ERA5 files for event window,,
southern_africa_limpopo_zambezi__DFO_3462,southern_africa_limpopo_zambezi,Southern Africa: Limpopo / Zambezi,2009,2009-03-04,2009-03-09,6,,,,0.0,low,train,GLOBAL_FLOOD_DB/MODIS_EVENTS/V1,no local ERA5 files for event window,,
southern_africa_limpopo_zambezi__DFO_3467,southern_africa_limpopo_zambezi,Southern Africa: Limpopo / Zambezi,2009,2009-03-27,2009-03-27,1,,,,0.0,low,train,GLOBAL_FLOOD_DB/MODIS_EVENTS/V1,no local ERA5 files for event window,,
southern_africa_limpopo_zambezi__DFO_3493,southern_africa_limpopo_zambezi,Southern Africa: Limpopo / Zambezi,2009,2009-06-21,2009-06-28,8,,,,0.0,low,train,GLOBAL_FLOOD_DB/MODIS_EVENTS/V1,no local ERA5 files for event window,,
southern_africa_limpopo_zambezi__DFO_3616,southern_africa_limpopo_zambezi,Southern Africa: Limpopo / Zambezi,2010,2010-03-01,2010-03-17,17,,,171.12120056152344,1.7112120056152345,low,train,GLOBAL_FLOOD_DB/MODIS_EVENTS/V1,ok,0.230001613497734,30.834869384765625
southern_africa_limpopo_zambezi__DFO_3639,southern_africa_limpopo_zambezi,Southern Africa: Limpopo / Zambezi,2010,2010-04-16,2010-04-21,6,,,48.80284118652344,0.4880284118652344,low,train,GLOBAL_FLOOD_DB/MODIS_EVENTS/V1,ok,0.1016725823283195,29.28546142578125
southern_africa_limpopo_zambezi__DFO_3880,southern_africa_limpopo_zambezi,Southern Africa: Limpopo / Zambezi,2011,2011-11-27,2011-12-02,6,,,,0.0,low,train,GLOBAL_FLOOD_DB/MODIS_EVENTS/V1,no local ERA5 files for event window,,
southern_africa_limpopo_zambezi__DFO_3892,southern_africa_limpopo_zambezi,Southern Africa: Limpopo / Zambezi,2012,2012-01-17,2012-02-14,29,,,,0.0,low,train,GLOBAL_FLOOD_DB/MODIS_EVENTS/V1,no local ERA5 files for event window,,
southern_africa_limpopo_zambezi__DFO_4026,southern_africa_limpopo_zambezi,Southern Africa: Limpopo / Zambezi,2013,2013-01-15,2013-02-01,18,,,229.2877197265625,2.292877197265625,moderate,train,GLOBAL_FLOOD_DB/MODIS_EVENTS/V1,ok,0.2985517084598541,30.11703491210937
southern_africa_limpopo_zambezi__DFO_4023,southern_africa_limpopo_zambezi,Southern Africa: Limpopo / Zambezi,2013,2013-01-17,2013-03-04,47,,,357.35235595703125,3.5735235595703125,moderate,train,GLOBAL_FLOOD_DB/MODIS_EVENTS/V1,ok,0.2440931349992752,30.213165283203125
southern_africa_limpopo_zambezi__DFO_4037,southern_africa_limpopo_zambezi,Southern Africa: Limpopo / Zambezi,2013,2013-03-01,2013-03-17,17,,,109.39334106445312,1.0939334106445313,low,train,GLOBAL_FLOOD_DB/MODIS_EVENTS/V1,ok,0.1470340639352798,30.3873291015625
southern_africa_limpopo_zambezi__DFO_4137,southern_africa_limpopo_zambezi,Southern Africa: Limpopo / Zambezi,2014,2014-04-18,2014-05-01,14,,,,0.0,low,train,GLOBAL_FLOOD_DB/MODIS_EVENTS/V1,no local ERA5 files for event window,,
southern_africa_limpopo_zambezi__DFO_4140,southern_africa_limpopo_zambezi,Southern Africa: Limpopo / Zambezi,2014,2014-05-10,2014-05-16,7,,,,0.0,low,train,GLOBAL_FLOOD_DB/MODIS_EVENTS/V1,no local ERA5 files for event window,,
southern_africa_limpopo_zambezi__DFO_4219,southern_africa_limpopo_zambezi,Southern Africa: Limpopo / Zambezi,2015,2015-01-01,2015-02-09,40,,,255.00082397460935,2.5500082397460937,moderate,train,GLOBAL_FLOOD_DB/MODIS_EVENTS/V1,ok,0.2260645627975464,31.158905029296875
southern_africa_limpopo_zambezi__DFO_4324,southern_africa_limpopo_zambezi,Southern Africa: Limpopo / Zambezi,2016,2016-01-14,2016-01-29,16,,,,0.0,low,train,GLOBAL_FLOOD_DB/MODIS_EVENTS/V1,no local ERA5 files for event window,,
southern_africa_limpopo_zambezi__DFO_4357,southern_africa_limpopo_zambezi,Southern Africa: Limpopo / Zambezi,2016,2016-04-22,2016-05-30,39,,,,0.0,low,train,GLOBAL_FLOOD_DB/MODIS_EVENTS/V1,no local ERA5 files for event window,,
southern_africa_limpopo_zambezi__DFO_4381,southern_africa_limpopo_zambezi,Southern Africa: Limpopo / Zambezi,2016,2016-07-25,2016-08-03,10,,,,0.0,low,train,GLOBAL_FLOOD_DB/MODIS_EVENTS/V1,no local ERA5 files for event window,,
southern_africa_limpopo_zambezi__DFO_4439,southern_africa_limpopo_zambezi,Southern Africa: Limpopo / Zambezi,2017,2017-01-01,2017-02-07,38,,,,0.0,low,train,GLOBAL_FLOOD_DB/MODIS_EVENTS/V1,no local ERA5 files for event window,,
southern_africa_limpopo_zambezi__DFO_4455,southern_africa_limpopo_zambezi,Southern Africa: Limpopo / Zambezi,2017,2017-03-09,2017-03-22,14,,,,0.0,low,train,GLOBAL_FLOOD_DB/MODIS_EVENTS/V1,no local ERA5 files for event window,,
southern_africa_limpopo_zambezi__DFO_4586,southern_africa_limpopo_zambezi,Southern Africa: Limpopo / Zambezi,2018,2018-03-01,2018-03-14,14,,,170.1949462890625,1.701949462890625,low,val,GLOBAL_FLOOD_DB/MODIS_EVENTS/V1,ok,0.2532662749290466,29.09432983398437
southern_africa_limpopo_zambezi__DFO_4603,southern_africa_limpopo_zambezi,Southern Africa: Limpopo / Zambezi,2018,2018-04-23,2018-04-25,3,,,12.377713203430176,0.12377713203430175,low,val,GLOBAL_FLOOD_DB/MODIS_EVENTS/V1,ok,0.0303375329822301,28.15487670898437
southern_africa_limpopo_zambezi__DFO_4602,southern_africa_limpopo_zambezi,Southern Africa: Limpopo / Zambezi,2018,2018-04-28,2018-05-01,4,,,9.778630256652832,0.09778630256652832,low,val,GLOBAL_FLOOD_DB/MODIS_EVENTS/V1,ok,0.022635718807578,28.021697998046875
southern_africa_limpopo_zambezi__EMDAT_2020-0031-ZMB,southern_africa_limpopo_zambezi,Southern Africa: Limpopo / Zambezi,2020,2020-01-01,2020-01-31,31,,1500.0,252.59005737304688,4.025900573730469,moderate,test,EM-DAT Public Table,ok,0.2769627869129181,30.126251220703125
southern_africa_limpopo_zambezi__EMDAT_2020-0046-MWI,southern_africa_limpopo_zambezi,Southern Africa: Limpopo / Zambezi,2020,2020-02-04,2020-02-06,3,1.0,2250.0,125.2695083618164,4.502695083618164,moderate,test,EM-DAT Public Table,ok,0.3070331215858459,28.958740234375
southern_africa_limpopo_zambezi__EMDAT_2020-0050-ZAF,southern_africa_limpopo_zambezi,Southern Africa: Limpopo / Zambezi,2020,2020-02-07,2020-02-10,4,3.0,200.0,131.72738647460938,4.517273864746094,moderate,test,EM-DAT Public Table,ok,0.3049245178699493,29.03900146484375
southern_africa_limpopo_zambezi__EMDAT_2020-0062-MOZ,southern_africa_limpopo_zambezi,Southern Africa: Limpopo / Zambezi,2020,2020-02-11,2020-02-17,7,2.0,8700.0,153.543701171875,12.235437011718751,moderate,test,EM-DAT Public Table,ok,0.3046501874923706,30.290802001953125
southern_africa_limpopo_zambezi__EMDAT_2020-0110-ZMB,southern_africa_limpopo_zambezi,Southern Africa: Limpopo / Zambezi,2020,2020-03-20,2020-03-26,7,,700000.0,87.75965118408203,700.8775965118408,extreme,test,EM-DAT Public Table,ok,0.1741262972354889,29.833740234375
southern_africa_limpopo_zambezi__EMDAT_2020-0484-MOZ,southern_africa_limpopo_zambezi,Southern Africa: Limpopo / Zambezi,2020,2020-10-01,2020-10-31,31,22.0,145000.0,43.71792602539063,167.4371792602539,moderate,test,EM-DAT Public Table,ok,0.0404795594513416,34.88397216796875
southern_africa_limpopo_zambezi__EMDAT_2020-0604-ZMB,southern_africa_limpopo_zambezi,Southern Africa: Limpopo / Zambezi,2020,2020-12-22,2020-12-26,5,3.0,4272.0,152.95989990234375,8.801598999023438,moderate,test,EM-DAT Public Table,ok,0.3354383707046509,29.21734619140625
southern_africa_limpopo_zambezi__EMDAT_2021-0075-ZAF,southern_africa_limpopo_zambezi,Southern Africa: Limpopo / Zambezi,2021,2021-02-01,2021-02-15,15,31.0,400.0,227.97671508789065,33.6797671508789,moderate,test,EM-DAT Public Table,ok,0.3275527656078338,28.85498046875
southern_africa_limpopo_zambezi__EMDAT_2021-0083-MOZ,southern_africa_limpopo_zambezi,Southern Africa: Limpopo / Zambezi,2021,2021-02-12,2021-02-17,6,,11410.0,156.81556701660156,12.978155670166016,moderate,test,EM-DAT Public Table,ok,0.3266991078853607,28.85498046875
southern_africa_limpopo_zambezi__EMDAT_2022-0009-ZAF,southern_africa_limpopo_zambezi,Southern Africa: Limpopo / Zambezi,2022,2022-01-08,2022-01-09,2,10.0,,114.65306091308594,11.14653060913086,moderate,test,EM-DAT Public Table,ok,0.2985756695270538,29.29949951171875
southern_africa_limpopo_zambezi__EMDAT_2022-0043-ZMB,southern_africa_limpopo_zambezi,Southern Africa: Limpopo / Zambezi,2022,2022-01-11,2022-02-02,23,3.0,21582.0,256.5843200683594,27.147843200683596,moderate,test,EM-DAT Public Table,ok,0.2889463007450104,28.970855712890625
southern_africa_limpopo_zambezi__EMDAT_2022-0043-ZWE,southern_africa_limpopo_zambezi,Southern Africa: Limpopo / Zambezi,2022,2022-01-13,2022-01-21,9,,,166.61502075195312,1.6661502075195314,low,test,EM-DAT Public Table,ok,0.3018388152122497,28.231658935546875
southern_africa_limpopo_zambezi__EMDAT_2022-0035-ZAF,southern_africa_limpopo_zambezi,Southern Africa: Limpopo / Zambezi,2022,2022-01-15,2022-01-16,2,1.0,100.0,109.39837646484376,2.1939837646484377,moderate,test,EM-DAT Public Table,ok,0.2848916053771972,28.195098876953125
southern_africa_limpopo_zambezi__EMDAT_2022-0077-ZAF,southern_africa_limpopo_zambezi,Southern Africa: Limpopo / Zambezi,2022,2022-02-04,2022-02-05,2,3.0,138.0,96.4391860961914,4.102391860961914,moderate,test,EM-DAT Public Table,ok,0.2511437237262726,28.970855712890625
southern_africa_limpopo_zambezi__EMDAT_2022-0108-ZAF,southern_africa_limpopo_zambezi,Southern Africa: Limpopo / Zambezi,2022,2022-02-21,2022-02-22,2,4.0,187.0,82.71827697753906,5.014182769775391,moderate,test,EM-DAT Public Table,ok,0.2154121845960617,29.48553466796875
southern_africa_limpopo_zambezi__EMDAT_2022-0205-ZAF,southern_africa_limpopo_zambezi,Southern Africa: Limpopo / Zambezi,2022,2022-04-08,2022-04-18,11,544.0,142290.0,87.92597961425781,687.1692597961426,extreme,test,EM-DAT Public Table,ok,0.1465432941913604,29.0396728515625
southern_africa_limpopo_zambezi__EMDAT_2022-0313-ZAF,southern_africa_limpopo_zambezi,Southern Africa: Limpopo / Zambezi,2022,2022-05-22,2022-05-22,1,,200.0,12.472976684570312,0.32472976684570315,low,test,EM-DAT Public Table,ok,0.0346471592783927,27.656005859375
southern_africa_limpopo_zambezi__EMDAT_2022-0356-ZAF,southern_africa_limpopo_zambezi,Southern Africa: Limpopo / Zambezi,2022,2022-06-13,2022-06-15,3,,204.0,5.4939494132995605,0.2589394941329956,low,test,EM-DAT Public Table,ok,0.0134655619040131,26.0750732421875
southern_africa_limpopo_zambezi__EMDAT_2022-0861-MOZ,southern_africa_limpopo_zambezi,Southern Africa: Limpopo / Zambezi,2022,2022-10-01,2023-02-28,151,88.0,78271.0,767.4117431640625,173.94511743164065,moderate,test,EM-DAT Public Table,ok,0.1937908381223678,33.758026123046875
southern_africa_limpopo_zambezi__EMDAT_2022-0843-MWI,southern_africa_limpopo_zambezi,Southern Africa: Limpopo / Zambezi,2022,2022-11-01,2023-01-31,92,62.0,94185.0,576.59716796875,161.9509716796875,moderate,test,EM-DAT Public Table,ok,0.2266498357057571,32.588348388671875
southern_africa_limpopo_zambezi__EMDAT_2022-0788-ZAF,southern_africa_limpopo_zambezi,Southern Africa: Limpopo / Zambezi,2022,2022-12-10,2022-12-12,3,17.0,56177.0,90.9665069580078,74.08666506958006,moderate,test,EM-DAT Public Table,ok,0.2229571193456649,31.8521728515625
southern_africa_limpopo_zambezi__EMDAT_2023-0056-ZMB,southern_africa_limpopo_zambezi,Southern Africa: Limpopo / Zambezi,2023,2023-01-11,2023-01-30,20,,22000.0,228.82066345214844,24.288206634521483,moderate,test,EM-DAT Public Table,ok,0.2804174721240997,30.40512084960937
southern_africa_limpopo_zambezi__EMDAT_2023-0078-MOZ,southern_africa_limpopo_zambezi,Southern Africa: Limpopo / Zambezi,2023,2023-02-07,2023-02-12,6,14.0,89093.0,143.71884155273438,104.53018841552735,moderate,test,EM-DAT Public Table,ok,0.2994142472743988,28.738311767578125
southern_africa_limpopo_zambezi__EMDAT_2023-0110-ZMB,southern_africa_limpopo_zambezi,Southern Africa: Limpopo / Zambezi,2023,2023-02-07,2023-03-09,31,,154608.0,292.943115234375,157.53743115234374,moderate,test,EM-DAT Public Table,ok,0.2712436318397522,31.04278564453125
southern_africa_limpopo_zambezi__EMDAT_2023-0080-ZAF,southern_africa_limpopo_zambezi,Southern Africa: Limpopo / Zambezi,2023,2023-02-08,2023-02-21,14,17.0,1000.0,198.85775756835935,19.988577575683593,moderate,test,EM-DAT Public Table,ok,0.295919269323349,31.04278564453125
southern_africa_limpopo_zambezi__EMDAT_2023-0180-ZAF,southern_africa_limpopo_zambezi,Southern Africa: Limpopo / Zambezi,2023,2023-03-23,2023-03-27,5,3.0,500.0,89.57683563232422,4.395768356323242,moderate,test,EM-DAT Public Table,ok,0.1964404284954071,29.21331787109375
southern_africa_limpopo_zambezi__EMDAT_2023-0619-ZAF,southern_africa_limpopo_zambezi,Southern Africa: Limpopo / Zambezi,2023,2023-09-23,2023-09-24,2,11.0,5000.0,7.637721538543701,16.07637721538544,moderate,test,EM-DAT Public Table,ok,0.0198899004608392,32.79132080078125
southern_africa_limpopo_zambezi__EMDAT_2023-0855-ZAF,southern_africa_limpopo_zambezi,Southern Africa: Limpopo / Zambezi,2023,2023-12-24,2023-12-26,3,34.0,1800.0,116.28341674804688,36.962834167480466,moderate,test,EM-DAT Public Table,ok,0.2850083708763122,31.60150146484375
southern_africa_limpopo_zambezi__EMDAT_2024-0015-ZAF,southern_africa_limpopo_zambezi,Southern Africa: Limpopo / Zambezi,2024,2024-01-12,2024-01-19,8,13.0,756.0,140.8727569580078,15.164727569580078,moderate,test,EM-DAT Public Table,ok,0.2668044567108154,29.762420654296875
southern_africa_limpopo_zambezi__EMDAT_2024-0122-MWI,southern_africa_limpopo_zambezi,Southern Africa: Limpopo / Zambezi,2024,2024-02-27,2024-03-07,10,6.0,14004.0,82.46761322021484,20.828676132202148,moderate,test,EM-DAT Public Table,ok,0.1431729346513748,32.982574462890625
southern_africa_limpopo_zambezi__EMDAT_2024-0302-ZAF,southern_africa_limpopo_zambezi,Southern Africa: Limpopo / Zambezi,2024,2024-06-01,2024-06-03,3,21.0,46620.0,2.459904193878174,67.64459904193879,moderate,test,EM-DAT Public Table,ok,0.0060291769914329,28.96868896484375
southern_africa_limpopo_zambezi__EMDAT_2024-0783-ZAF,southern_africa_limpopo_zambezi,Southern Africa: Limpopo / Zambezi,2024,2024-10-22,2024-10-25,4,10.0,3090.0,26.50436782836914,13.35504367828369,moderate,test,EM-DAT Public Table,ok,0.0613527037203311,33.7376708984375
southern_africa_limpopo_zambezi__EMDAT_2024-0902-MWI,southern_africa_limpopo_zambezi,Southern Africa: Limpopo / Zambezi,2024,2024-11-27,2024-12-06,10,11.0,48828.0,60.5912971496582,60.43391297149658,moderate,test,EM-DAT Public Table,ok,0.1051932275295257,34.224853515625
west_africa_niger_benue__DFO_1793,west_africa_niger_benue,West Africa: Niger / Benue basin,2001,2001-08-18,2001-10-09,53,,,,0.0,low,train,GLOBAL_FLOOD_DB/MODIS_EVENTS/V1,no local ERA5 files for event window,,
west_africa_niger_benue__DFO_1778,west_africa_niger_benue,West Africa: Niger / Benue basin,2001,2001-08-19,2001-10-11,54,,,,0.0,low,train,GLOBAL_FLOOD_DB/MODIS_EVENTS/V1,no local ERA5 files for event window,,
west_africa_niger_benue__DFO_2303,west_africa_niger_benue,West Africa: Niger / Benue basin,2003,2003-08-03,2003-11-02,92,,,,0.0,low,train,GLOBAL_FLOOD_DB/MODIS_EVENTS/V1,no local ERA5 files for event window,,
west_africa_niger_benue__DFO_2311,west_africa_niger_benue,West Africa: Niger / Benue basin,2003,2003-08-05,2003-10-12,69,,,,0.0,low,train,GLOBAL_FLOOD_DB/MODIS_EVENTS/V1,no local ERA5 files for event window,,
west_africa_niger_benue__DFO_2314,west_africa_niger_benue,West Africa: Niger / Benue basin,2003,2003-08-05,2003-10-12,69,,,,0.0,low,train,GLOBAL_FLOOD_DB/MODIS_EVENTS/V1,no local ERA5 files for event window,,
west_africa_niger_benue__DFO_2316,west_africa_niger_benue,West Africa: Niger / Benue basin,2003,2003-08-09,2003-11-05,89,,,,0.0,low,train,GLOBAL_FLOOD_DB/MODIS_EVENTS/V1,no local ERA5 files for event window,,
west_africa_niger_benue__DFO_2320,west_africa_niger_benue,West Africa: Niger / Benue basin,2003,2003-08-10,2003-10-19,71,,,,0.0,low,train,GLOBAL_FLOOD_DB/MODIS_EVENTS/V1,no local ERA5 files for event window,,
west_africa_niger_benue__DFO_2345,west_africa_niger_benue,West Africa: Niger / Benue basin,2003,2003-09-05,2003-10-28,54,,,,0.0,low,train,GLOBAL_FLOOD_DB/MODIS_EVENTS/V1,no local ERA5 files for event window,,
west_africa_niger_benue__DFO_2361,west_africa_niger_benue,West Africa: Niger / Benue basin,2003,2003-09-22,2003-10-10,19,,,,0.0,low,train,GLOBAL_FLOOD_DB/MODIS_EVENTS/V1,no local ERA5 files for event window,,
west_africa_niger_benue__DFO_2576,west_africa_niger_benue,West Africa: Niger / Benue basin,2004,2004-10-07,2004-11-04,29,,,,0.0,low,train,GLOBAL_FLOOD_DB/MODIS_EVENTS/V1,no local ERA5 files for event window,,
west_africa_niger_benue__DFO_2634,west_africa_niger_benue,West Africa: Niger / Benue basin,2005,2005-03-06,2005-03-09,4,,,,0.0,low,train,GLOBAL_FLOOD_DB/MODIS_EVENTS/V1,no local ERA5 files for event window,,
west_africa_niger_benue__DFO_2721,west_africa_niger_benue,West Africa: Niger / Benue basin,2005,2005-08-07,2005-09-16,41,,,,0.0,low,train,GLOBAL_FLOOD_DB/MODIS_EVENTS/V1,no local ERA5 files for event window,,
west_africa_niger_benue__DFO_2742,west_africa_niger_benue,West Africa: Niger / Benue basin,2005,2005-09-27,2005-10-07,11,,,,0.0,low,train,GLOBAL_FLOOD_DB/MODIS_EVENTS/V1,no local ERA5 files for event window,,
west_africa_niger_benue__DFO_2947,west_africa_niger_benue,West Africa: Niger / Benue basin,2006,2006-08-03,2006-10-11,70,,,,0.0,low,train,GLOBAL_FLOOD_DB/MODIS_EVENTS/V1,no local ERA5 files for event window,,
west_africa_niger_benue__DFO_3166,west_africa_niger_benue,West Africa: Niger / Benue basin,2007,2007-07-26,2007-10-10,77,,,,0.0,low,train,GLOBAL_FLOOD_DB/MODIS_EVENTS/V1,no local ERA5 files for event window,,
west_africa_niger_benue__DFO_3145,west_africa_niger_benue,West Africa: Niger / Benue basin,2007,2007-07-28,2007-08-01,5,,,,0.0,low,train,GLOBAL_FLOOD_DB/MODIS_EVENTS/V1,no local ERA5 files for event window,,
west_africa_niger_benue__DFO_3151,west_africa_niger_benue,West Africa: Niger / Benue basin,2007,2007-08-04,2007-10-21,79,,,,0.0,low,train,GLOBAL_FLOOD_DB/MODIS_EVENTS/V1,no local ERA5 files for event window,,
west_africa_niger_benue__DFO_3153,west_africa_niger_benue,West Africa: Niger / Benue basin,2007,2007-08-07,2007-09-05,30,,,,0.0,low,train,GLOBAL_FLOOD_DB/MODIS_EVENTS/V1,no local ERA5 files for event window,,
west_africa_niger_benue__DFO_3167,west_africa_niger_benue,West Africa: Niger / Benue basin,2007,2007-08-09,2007-08-15,7,,,,0.0,low,train,GLOBAL_FLOOD_DB/MODIS_EVENTS/V1,no local ERA5 files for event window,,
west_africa_niger_benue__DFO_3179,west_africa_niger_benue,West Africa: Niger / Benue basin,2007,2007-08-25,2007-10-01,38,,,,0.0,low,train,GLOBAL_FLOOD_DB/MODIS_EVENTS/V1,no local ERA5 files for event window,,
west_africa_niger_benue__DFO_3180,west_africa_niger_benue,West Africa: Niger / Benue basin,2007,2007-08-31,2007-09-20,21,,,,0.0,low,train,GLOBAL_FLOOD_DB/MODIS_EVENTS/V1,no local ERA5 files for event window,,
west_africa_niger_benue__DFO_3368,west_africa_niger_benue,West Africa: Niger / Benue basin,2008,2008-07-20,2008-08-25,37,,,,0.0,low,train,GLOBAL_FLOOD_DB/MODIS_EVENTS/V1,no local ERA5 files for event window,,
west_africa_niger_benue__DFO_3348,west_africa_niger_benue,West Africa: Niger / Benue basin,2008,2008-08-02,2008-08-08,7,,,,0.0,low,train,GLOBAL_FLOOD_DB/MODIS_EVENTS/V1,no local ERA5 files for event window,,
west_africa_niger_benue__DFO_3534,west_africa_niger_benue,West Africa: Niger / Benue basin,2009,2009-08-10,2009-09-02,24,,,,0.0,low,train,GLOBAL_FLOOD_DB/MODIS_EVENTS/V1,no local ERA5 files for event window,,
west_africa_niger_benue__DFO_3555,west_africa_niger_benue,West Africa: Niger / Benue basin,2009,2009-10-20,2009-10-26,7,,,,0.0,low,train,GLOBAL_FLOOD_DB/MODIS_EVENTS/V1,no local ERA5 files for event window,,
west_africa_niger_benue__DFO_3663,west_africa_niger_benue,West Africa: Niger / Benue basin,2010,2010-06-22,2010-06-26,5,,,91.86941528320312,0.9186941528320313,low,train,GLOBAL_FLOOD_DB/MODIS_EVENTS/V1,ok,0.2014680206775665,33.1507568359375
west_africa_niger_benue__DFO_3714,west_africa_niger_benue,West Africa: Niger / Benue basin,2010,2010-08-15,2010-09-17,34,,,373.76666259765625,3.7376666259765625,moderate,train,GLOBAL_FLOOD_DB/MODIS_EVENTS/V1,ok,0.3244502246379852,30.492218017578125
west_africa_niger_benue__DFO_3741,west_africa_niger_benue,West Africa: Niger / Benue basin,2010,2010-10-01,2010-11-05,36,,,213.09866333007807,2.1309866333007808,moderate,train,GLOBAL_FLOOD_DB/MODIS_EVENTS/V1,ok,0.1775822192430496,33.802398681640625
west_africa_niger_benue__DFO_3747,west_africa_niger_benue,West Africa: Niger / Benue basin,2010,2010-11-05,2010-11-11,7,,,49.1690559387207,0.491690559387207,low,train,GLOBAL_FLOOD_DB/MODIS_EVENTS/V1,ok,0.0975576490163803,33.802398681640625
west_africa_niger_benue__DFO_3872,west_africa_niger_benue,West Africa: Niger / Benue basin,2011,2011-10-26,2011-10-29,4,,,,0.0,low,train,GLOBAL_FLOOD_DB/MODIS_EVENTS/V1,no local ERA5 files for event window,,
west_africa_niger_benue__DFO_3901,west_africa_niger_benue,West Africa: Niger / Benue basin,2012,2012-02-20,2012-02-27,8,,,,0.0,low,train,GLOBAL_FLOOD_DB/MODIS_EVENTS/V1,no local ERA5 files for event window,,
west_africa_niger_benue__DFO_3971,west_africa_niger_benue,West Africa: Niger / Benue basin,2012,2012-08-24,2012-08-29,6,,,,0.0,low,train,GLOBAL_FLOOD_DB/MODIS_EVENTS/V1,no local ERA5 files for event window,,
west_africa_niger_benue__DFO_3976,west_africa_niger_benue,West Africa: Niger / Benue basin,2012,2012-08-25,2012-09-26,33,,,,0.0,low,train,GLOBAL_FLOOD_DB/MODIS_EVENTS/V1,no local ERA5 files for event window,,
west_africa_niger_benue__DFO_3982,west_africa_niger_benue,West Africa: Niger / Benue basin,2012,2012-09-02,2012-09-07,6,,,,0.0,low,train,GLOBAL_FLOOD_DB/MODIS_EVENTS/V1,no local ERA5 files for event window,,
west_africa_niger_benue__DFO_3994,west_africa_niger_benue,West Africa: Niger / Benue basin,2012,2012-09-15,2012-10-15,31,,,,0.0,low,train,GLOBAL_FLOOD_DB/MODIS_EVENTS/V1,no local ERA5 files for event window,,
west_africa_niger_benue__DFO_4175,west_africa_niger_benue,West Africa: Niger / Benue basin,2014,2014-08-13,2014-08-19,7,,,,0.0,low,train,GLOBAL_FLOOD_DB/MODIS_EVENTS/V1,no local ERA5 files for event window,,
west_africa_niger_benue__DFO_4294,west_africa_niger_benue,West Africa: Niger / Benue basin,2015,2015-08-30,2015-09-11,13,,,184.62823486328125,1.8462823486328126,moderate,train,GLOBAL_FLOOD_DB/MODIS_EVENTS/V1,ok,0.2849201261997223,30.9637451171875
west_africa_niger_benue__DFO_4391,west_africa_niger_benue,West Africa: Niger / Benue basin,2016,2016-09-14,2016-09-22,9,,,,0.0,low,train,GLOBAL_FLOOD_DB/MODIS_EVENTS/V1,no local ERA5 files for event window,,
west_africa_niger_benue__DFO_4667,west_africa_niger_benue,West Africa: Niger / Benue basin,2018,2018-08-20,2018-10-02,44,,,418.583984375,4.18583984375,moderate,val,GLOBAL_FLOOD_DB/MODIS_EVENTS/V1,ok,0.3007068932056427,32.115570068359375
west_africa_niger_benue__DFO_4683,west_africa_niger_benue,West Africa: Niger / Benue basin,2018,2018-09-01,2018-10-02,32,,,315.1866149902344,3.151866149902344,moderate,val,GLOBAL_FLOOD_DB/MODIS_EVENTS/V1,ok,0.2854951322078705,32.115570068359375
west_africa_niger_benue__EMDAT_2020-0169-BFA,west_africa_niger_benue,West Africa: Niger / Benue basin,2020,2020-04-19,2020-04-26,8,,21000.0,46.02410888671875,21.46024108886719,moderate,test,EM-DAT Public Table,ok,0.0871668756008148,36.47476196289063
west_africa_niger_benue__EMDAT_2020-0302-TCD,west_africa_niger_benue,West Africa: Niger / Benue basin,2020,2020-04-20,2020-04-21,2,,2062.0,37.33015441894531,2.435301544189453,moderate,test,EM-DAT Public Table,ok,0.0972139462828636,36.47476196289063
west_africa_niger_benue__EMDAT_2020-0257-NGA,west_africa_niger_benue,West Africa: Niger / Benue basin,2020,2020-06-14,2020-06-16,3,4.0,300.0,73.80886840820312,5.038088684082031,moderate,test,EM-DAT Public Table,ok,0.1809040904045105,33.6553955078125
west_africa_niger_benue__EMDAT_2020-0321-NGA,west_africa_niger_benue,West Africa: Niger / Benue basin,2020,2020-06-24,2020-07-31,38,30.0,,287.1724548339844,32.87172454833984,moderate,test,EM-DAT Public Table,ok,0.2301061302423477,32.531646728515625
west_africa_niger_benue__EMDAT_2020-0455-NGA,west_africa_niger_benue,West Africa: Niger / Benue basin,2020,2020-06-24,2020-10-31,130,155.0,193425.0,760.5471801757812,356.0304718017578,moderate,test,EM-DAT Public Table,ok,0.2200657278299331,33.33880615234375
west_africa_niger_benue__EMDAT_2020-0336-NER,west_africa_niger_benue,West Africa: Niger / Benue basin,2020,2020-07-01,2020-09-10,72,73.0,632608.0,529.5597534179688,710.9035975341798,extreme,test,EM-DAT Public Table,ok,0.2565696537494659,32.531646728515625
west_africa_niger_benue__EMDAT_2020-0382-TCD,west_africa_niger_benue,West Africa: Niger / Benue basin,2020,2020-08-01,2020-10-12,73,3.0,34872.0,524.656005859375,43.11856005859375,moderate,test,EM-DAT Public Table,ok,0.2512720227241516,32.326904296875
west_africa_niger_benue__EMDAT_2020-0387-NER,west_africa_niger_benue,West Africa: Niger / Benue basin,2020,2020-08-01,2020-09-10,41,10.0,50012.0,353.6601867675781,63.548601867675785,moderate,test,EM-DAT Public Table,ok,0.2679243981838226,30.257720947265625
west_africa_niger_benue__EMDAT_2020-0592-CMR,west_africa_niger_benue,West Africa: Niger / Benue basin,2020,2020-09-11,2020-09-12,2,,26402.0,123.34091186523438,27.635409118652344,moderate,test,EM-DAT Public Table,ok,0.321200281381607,30.781158447265625
west_africa_niger_benue__EMDAT_2020-0421-BEN,west_africa_niger_benue,West Africa: Niger / Benue basin,2020,2020-10-01,2020-10-02,2,6.0,7000.0,94.1710968017578,13.941710968017578,moderate,test,EM-DAT Public Table,ok,0.2452372312545776,30.86410522460937
west_africa_niger_benue__EMDAT_2021-0461-NER,west_africa_niger_benue,West Africa: Niger / Benue basin,2021,2021-06-15,2021-08-31,78,62.0,105750.0,552.5894775390625,173.2758947753906,moderate,test,EM-DAT Public Table,ok,0.250266969203949,33.3773193359375
west_africa_niger_benue__EMDAT_2021-0382-TCD,west_africa_niger_benue,West Africa: Niger / Benue basin,2021,2021-06-26,2021-08-31,67,32.0,269180.0,508.50537109375,306.2650537109375,moderate,test,EM-DAT Public Table,ok,0.2615768313407898,31.93270874023437
west_africa_niger_benue__EMDAT_2021-0521-NGA,west_africa_niger_benue,West Africa: Niger / Benue basin,2021,2021-07-01,2021-08-31,62,,7500.0,468.0430603027344,12.180430603027343,moderate,test,EM-DAT Public Table,ok,0.2566025555133819,31.7286376953125
west_africa_niger_benue__EMDAT_2021-0589-NGA,west_africa_niger_benue,West Africa: Niger / Benue basin,2021,2021-09-12,2021-09-13,2,4.0,830.0,101.9365005493164,5.849365005493164,moderate,test,EM-DAT Public Table,ok,0.2654596269130707,31.66171264648437
west_africa_niger_benue__EMDAT_2021-0701-BEN,west_africa_niger_benue,West Africa: Niger / Benue basin,2021,2021-09-15,2021-10-26,42,13.0,35850.0,256.03179931640625,51.410317993164064,moderate,test,EM-DAT Public Table,ok,0.1904998570680618,33.55914306640625
west_africa_niger_benue__EMDAT_2022-0446-NER,west_africa_niger_benue,West Africa: Niger / Benue basin,2022,2022-06-01,2022-09-30,122,195.0,322185.0,797.755859375,525.16255859375,extreme,test,EM-DAT Public Table,ok,0.2444104999303817,34.491485595703125
west_africa_niger_benue__EMDAT_2022-0509-TCD,west_africa_niger_benue,West Africa: Niger / Benue basin,2022,2022-06-06,2022-10-31,148,22.0,1100229.0,860.337646484375,1130.8323764648437,extreme,test,EM-DAT Public Table,ok,0.2212802618741989,34.491485595703125
west_africa_niger_benue__EMDAT_2022-0338-CMR,west_africa_niger_benue,West Africa: Niger / Benue basin,2022,2022-06-26,2022-10-31,128,2.0,153095.0,761.5729370117188,162.71072937011718,moderate,test,EM-DAT Public Table,ok,0.2234662324190139,32.980224609375
west_africa_niger_benue__EMDAT_2022-0654-MLI,west_africa_niger_benue,West Africa: Niger / Benue basin,2022,2022-07-01,2022-10-31,123,10.0,79012.0,733.3953857421875,96.34595385742188,moderate,test,EM-DAT Public Table,ok,0.2230521291494369,32.980224609375
west_africa_niger_benue__EMDAT_2022-0674-NGA,west_africa_niger_benue,West Africa: Niger / Benue basin,2022,2022-07-01,2022-10-31,123,603.0,2802500.0,733.3953857421875,3412.833953857422,extreme,test,EM-DAT Public Table,ok,0.2230521291494369,32.980224609375
west_africa_niger_benue__EMDAT_2022-0696-BEN,west_africa_niger_benue,West Africa: Niger / Benue basin,2022,2022-09-01,2022-10-31,61,44.0,73000.0,386.221435546875,120.86221435546875,moderate,test,EM-DAT Public Table,ok,0.2145674675703048,32.980224609375
west_africa_niger_benue__EMDAT_2023-0457-NER,west_africa_niger_benue,West Africa: Niger / Benue basin,2023,2023-07-01,2023-10-31,123,41.0,169651.0,728.6419677734375,217.9374196777344,moderate,test,EM-DAT Public Table,ok,0.221606433391571,33.9200439453125
west_africa_niger_benue__EMDAT_2023-0477-CMR,west_africa_niger_benue,West Africa: Niger / Benue basin,2023,2023-07-18,2023-07-19,2,2.0,93260.0,88.38749694824219,96.14387496948243,moderate,test,EM-DAT Public Table,ok,0.2301757782697677,31.552215576171875
west_africa_niger_benue__EMDAT_2023-0672-NGA,west_africa_niger_benue,West Africa: Niger / Benue basin,2023,2023-09-17,2023-09-19,3,,1336.0,94.47914123535156,2.2807914123535156,moderate,test,EM-DAT Public Table,ok,0.2315665185451507,32.228424072265625
west_africa_niger_benue__EMDAT_2023-0691-NGA,west_africa_niger_benue,West Africa: Niger / Benue basin,2023,2023-10-05,2023-10-19,15,275.0,30000.0,121.35401916503906,306.2135401916504,moderate,test,EM-DAT Public Table,ok,0.1743592172861099,33.27020263671875
west_africa_niger_benue__EMDAT_2024-0260-TCD,west_africa_niger_benue,West Africa: Niger / Benue basin,2024,2024-03-01,2024-04-29,60,1.0,3805.0,81.97110748291016,5.624711074829102,moderate,test,EM-DAT Public Table,ok,0.0461549013853073,38.3798828125
west_africa_niger_benue__EMDAT_2024-0703-MLI,west_africa_niger_benue,West Africa: Niger / Benue basin,2024,2024-06-01,2024-09-30,122,92.0,380154.0,815.12158203125,480.30521582031247,extreme,test,EM-DAT Public Table,ok,0.2497308701276779,35.71319580078125
west_africa_niger_benue__EMDAT_2024-0390-NER,west_africa_niger_benue,West Africa: Niger / Benue basin,2024,2024-06-11,2024-10-31,143,396.0,1527058.0,880.3524169921875,1931.861524169922,extreme,test,EM-DAT Public Table,ok,0.2336391806602478,33.797393798828125
west_africa_niger_benue__EMDAT_2024-0970-BEN,west_africa_niger_benue,West Africa: Niger / Benue basin,2024,2024-06-26,2024-06-26,1,,34052.0,72.81729125976562,34.780172912597656,moderate,test,EM-DAT Public Table,ok,0.2022702544927597,33.30712890625
west_africa_niger_benue__EMDAT_2024-0569-TCD,west_africa_niger_benue,West Africa: Niger / Benue basin,2024,2024-08-01,2024-09-30,61,576.0,1941869.0,521.3938598632812,2523.082938598633,extreme,test,EM-DAT Public Table,ok,0.2896632552146911,31.581298828125
west_africa_niger_benue__EMDAT_2024-0648-CMR,west_africa_niger_benue,West Africa: Niger / Benue basin,2024,2024-08-01,2024-09-30,61,38.0,500008.0,521.3938598632812,543.2219385986328,extreme,test,EM-DAT Public Table,ok,0.2896632552146911,31.581298828125
west_africa_niger_benue__EMDAT_2024-0635-NGA,west_africa_niger_benue,West Africa: Niger / Benue basin,2024,2024-08-20,2024-09-30,42,321.0,1377411.0,430.6849365234375,1702.7178493652345,extreme,test,EM-DAT Public Table,ok,0.320450097322464,31.581298828125
west_africa_niger_benue__EMDAT_2024-0657-NGA,west_africa_niger_benue,West Africa: Niger / Benue basin,2024,2024-09-07,2024-09-09,3,37.0,414058.0,120.1335678100586,452.25933567810057,extreme,test,EM-DAT Public Table,ok,0.2944450080394745,30.705352783203125
